{"cameraMode":{"drawMode":0,"name":"Shaded","section":"Shading Mode"},"sceneLighting":true,"audioPlay":false,"sceneViewState":{"m_AlwaysRefresh":false,"showFog":true,"showSkybox":true,"showFlares":true,"showImageEffects":true,"showParticleSystems":true,"showVisualEffectGraphs":true,"m_FxEnabled":true},"in2DMode":false,"pivot":{"x":191.65362548828126,"y":-165.95347595214845,"z":10.212446212768555},"rotation":{"x":0.26485005021095278,"y":0.6577646136283875,"z":-0.2669256925582886,"w":0.6526572704315186},"size":147.92506408691407,"orthographic":false}